-- Seed exportado desde BD local de NelaGlow
-- Ejecutar: PGPASSWORD=NelaGlow2025 psql -h 127.0.0.1 -U nelaglow_user -d nelaglow_db -f seed.sql

BEGIN;

-- Categorías
INSERT INTO categories (id, name, slug, "isActive", "createdAt", "updatedAt") VALUES
  ('cmlxb8glt00001wc1yrzasds6', 'Botellas', 'botellas', true, NOW(), NOW()),
  ('cmlxb8idb00451wc1juwag2zt', 'Cartucheras 3D', 'cartucheras-3d', true, NOW(), NOW()),
  ('cmlxb8iaj003x1wc1ijnm4a0m', 'Loncheras 3D', 'loncheras-3d', true, NOW(), NOW()),
  ('cmlxb8i67003k1wc17lx9i9y4', 'Mochilas', 'mochilas', true, NOW(), NOW()),
  ('cmlxb8hsg002l1wc14ipi2wew', 'Morrales', 'morrales', true, NOW(), NOW()),
  ('cmlxb8hum002r1wc1dyz75ato', 'Tappers', 'tappers', true, NOW(), NOW()),
  ('cmlxb8hnq00251wc14ro4gaj5', 'Tazas', 'tazas', true, NOW(), NOW()),
  ('cmlxb8gs1000b1wc1cttoqwkr', 'Termos', 'termos', true, NOW(), NOW()),
  ('cmlxb8goj00051wc183p8cy6l', 'Termos Stanley', 'termos-stanley', true, NOW(), NOW()) ON CONFLICT (id) DO NOTHING;

-- Productos
INSERT INTO products (id, name, description, price, "costPrice", stock, "lowStockThreshold", "isActive", "categoryId", "parentProductId", color, "createdAt", "updatedAt") VALUES
  ('cmlxb8gmo00011wc1qsmxrxws', 'Chokolab(chacos)', '500 ml', 35.00, 17.00, 0, 3, true, 'cmlxb8glt00001wc1yrzasds6', NULL, '', NOW(), NOW()),
  ('cmlxb8gp200061wc1ltuovafy', 'termo kawai', '1 lt', 37.00, 16.50, 0, 3, true, 'cmlxb8goj00051wc183p8cy6l', NULL, NULL, NOW(), NOW()),
  ('cmlxb8gsm000c1wc1udx58e5g', 'Termo con taza niños', '480 ml', 36.00, 16.50, 0, 3, true, 'cmlxb8gs1000b1wc1cttoqwkr', NULL, NULL, NOW(), NOW()),
  ('cmlxb8gu3000g1wc11g07z92h', 'termo Stanley antiderrame', '1 lt', 56.00, 28.00, 0, 3, true, 'cmlxb8goj00051wc183p8cy6l', NULL, NULL, NOW(), NOW()),
  ('cmlxb8gwb000m1wc1chrlyyx7', 'termo cold caña con seguro', '750 ml', 34.00, 16.50, 0, 3, true, 'cmlxb8gs1000b1wc1cttoqwkr', NULL, NULL, NOW(), NOW()),
  ('cmlxb8gy3000r1wc1rr50pcwx', 'Termo niño hello', '600 ml', 36.00, 16.50, 0, 3, true, 'cmlxb8gs1000b1wc1cttoqwkr', NULL, NULL, NOW(), NOW()),
  ('cmlxb8gzx000w1wc11tdfi3ba', 'termo stanley pico', '1.200 lt', 42.00, 19.00, 0, 3, true, 'cmlxb8goj00051wc183p8cy6l', NULL, NULL, NOW(), NOW()),
  ('cmlxb8h1g00101wc1fvgqnyb8', 'termo stanley marmoleado', '1 lt', 46.00, 22.00, 0, 3, true, 'cmlxb8goj00051wc183p8cy6l', NULL, NULL, NOW(), NOW()),
  ('cmlxb8h3v00151wc1h7hcsyyy', 'termo stanley pico simple', '1 lt', 40.00, 19.00, 0, 3, true, 'cmlxb8goj00051wc183p8cy6l', NULL, NULL, NOW(), NOW()),
  ('cmlxb8h6f001a1wc1ct5lj0fv', 'termo infantil kawai', '900 ml', 32.00, 16.00, 0, 3, true, 'cmlxb8gs1000b1wc1cttoqwkr', NULL, NULL, NOW(), NOW()),
  ('cmlxb8h7z001d1wc1y3wiz0lu', 'termo asa movible', '1.200 lt', 45.00, 23.00, 0, 3, true, 'cmlxb8gs1000b1wc1cttoqwkr', NULL, NULL, NOW(), NOW()),
  ('cmlxb8hca001j1wc136z0ppdl', 'termo stanley caña', '1.200 lt', 43.00, 20.00, 0, 3, true, 'cmlxb8goj00051wc183p8cy6l', NULL, NULL, NOW(), NOW()),
  ('cmlxb8hgf001o1wc132lvs42d', 'Owala 950 ml', NULL, 40.00, 20.00, 0, 3, true, 'cmlxb8glt00001wc1yrzasds6', NULL, NULL, NOW(), NOW()),
  ('cmlxb8hl4001x1wc1et2zkcwy', 'Owala 710ml', NULL, 38.00, 16.00, 0, 3, true, 'cmlxb8glt00001wc1yrzasds6', NULL, NULL, NOW(), NOW()),
  ('cmlxb8hmw00221wc11uwddqmd', 'termo stanley capibara', '1.200 lt', 46.00, 22.00, 0, 3, true, 'cmlxb8goj00051wc183p8cy6l', NULL, NULL, NOW(), NOW()),
  ('cmlxb8hnz00261wc1icw1bu17', 'taza cafetera', '510 ml', 30.00, 13.50, 0, 3, true, 'cmlxb8hnq00251wc14ro4gaj5', NULL, NULL, NOW(), NOW()),
  ('cmlxb8hpe002b1wc1gd51eek8', 'taza owala', '350 ml', 35.00, 16.00, 0, 3, true, 'cmlxb8hnq00251wc14ro4gaj5', NULL, NULL, NOW(), NOW()),
  ('cmlxb8hqx002g1wc1p9iwwhvk', 'taza kawai diseño', '500 ml', 34.00, 16.50, 0, 3, true, 'cmlxb8hnq00251wc14ro4gaj5', NULL, NULL, NOW(), NOW()),
  ('cmlxb8hst002m1wc1ekh8iyae', 'morral stanley', NULL, 27.00, 13.00, 0, 3, true, 'cmlxb8hsg002l1wc14ipi2wew', NULL, NULL, NOW(), NOW()),
  ('cmlxb8hv0002s1wc1gl50r546', 'lunch box', NULL, 30.00, 13.50, 0, 3, true, 'cmlxb8hum002r1wc1dyz75ato', NULL, NULL, NOW(), NOW()),
  ('cmlxb8hwv002w1wc1rr5gmqbf', 'lunch medium', NULL, 26.00, 8.50, 0, 3, true, 'cmlxb8hum002r1wc1dyz75ato', NULL, NULL, NOW(), NOW()),
  ('cmlxb8hxz002z1wc1zkvidp8g', 'termo owala 1200 ml', '1200 ml', 45.00, 22.00, 0, 3, true, 'cmlxb8gs1000b1wc1cttoqwkr', NULL, NULL, NOW(), NOW()),
  ('cmlxb8hzn00331wc1z6z1u0sl', 'taper termico diseño', '500 ml', 33.00, 16.00, 6, 3, true, 'cmlxb8hum002r1wc1dyz75ato', NULL, NULL, NOW(), NOW()),
  ('cmlxb8i0200341wc1b6ve0gz7', 'botella sport', '600 ml', 33.00, 16.00, 0, 3, true, 'cmlxb8glt00001wc1yrzasds6', NULL, NULL, NOW(), NOW()),
  ('cmlxb8i2400391wc15p3yr7sp', 'termo bacu', '600 ml', 30.00, 15.00, 0, 3, true, 'cmlxb8gs1000b1wc1cttoqwkr', NULL, NULL, NOW(), NOW()),
  ('cmlxb8i4f003f1wc1k5jm9abt', 'termo bacu doble pico', '890 ml', 37.00, 19.00, 0, 3, true, 'cmlxb8gs1000b1wc1cttoqwkr', NULL, NULL, NOW(), NOW()),
  ('cmlxb8i6j003l1wc1igih7pc7', 'mochila diseño', 'a4', 100.00, 49.00, 0, 3, true, 'cmlxb8i67003k1wc17lx9i9y4', NULL, NULL, NOW(), NOW()),
  ('cmlxb8i88003q1wc1bs9w5mvz', 'mochila 3d', 'a4', 110.00, 59.00, 0, 3, true, 'cmlxb8i67003k1wc17lx9i9y4', NULL, NULL, NOW(), NOW()),
  ('cmlxb8iav003y1wc19jpb8pda', 'lonchera 3d', 'a4', 60.00, 35.00, 0, 3, true, 'cmlxb8iaj003x1wc1ijnm4a0m', NULL, NULL, NOW(), NOW()),
  ('cmlxb8idm00461wc1p501dynv', 'cartucheras 3d', 'a4', 35.00, 21.00, 0, 3, true, 'cmlxb8idb00451wc1juwag2zt', NULL, NULL, NOW(), NOW()),
  ('cmlxb8ig0004d1wc1s22jpnyd', 'tomatodo diseño', '600 ml', 28.00, 12.00, 6, 3, true, 'cmlxb8glt00001wc1yrzasds6', NULL, NULL, NOW(), NOW()),
  ('cmlxb8igd004e1wc1iv6x5o9p', 'tomatodo diseño pita', '600 ml', 28.00, 12.00, 6, 3, true, 'cmlxb8glt00001wc1yrzasds6', NULL, NULL, NOW(), NOW()),
  ('cmlxb8igq004f1wc1th0d3p32', 'taper vento', NULL, 30.00, 12.00, 6, 3, true, 'cmlxb8hum002r1wc1dyz75ato', NULL, NULL, NOW(), NOW()),
  ('cmlxb8ih4004g1wc1ze43wsl9', 'mochila kawai', NULL, 75.00, 34.00, 4, 3, true, 'cmlxb8i67003k1wc17lx9i9y4', NULL, NULL, NOW(), NOW()),
  ('cmlxb8ihg004h1wc18y9bryjq', 'morrales kawai', NULL, 40.00, 20.00, 3, 3, true, 'cmlxb8hsg002l1wc14ipi2wew', NULL, NULL, NOW(), NOW()),
  ('cmlxb8gnq00021wc1lkrfuohz', 'Chokolab(chacos)', '500 ml', 35.00, 17.00, 1, 3, true, 'cmlxb8glt00001wc1yrzasds6', 'cmlxb8gmo00011wc1qsmxrxws', 'negro', NOW(), NOW()),
  ('cmlxb8go200031wc198qnh8ny', 'Chokolab(chacos)', '500 ml', 35.00, 17.00, 1, 3, true, 'cmlxb8glt00001wc1yrzasds6', 'cmlxb8gmo00011wc1qsmxrxws', 'lila', NOW(), NOW()),
  ('cmlxb8god00041wc1nus6sh58', 'Chokolab(chacos)', '500 ml', 35.00, 17.00, 1, 3, true, 'cmlxb8glt00001wc1yrzasds6', 'cmlxb8gmo00011wc1qsmxrxws', 'blanco', NOW(), NOW()),
  ('cmlxb8gpi00071wc1j3smeoza', 'termo kawai', '1 lt', 37.00, 16.50, 1, 3, true, 'cmlxb8goj00051wc183p8cy6l', 'cmlxb8gp200061wc1ltuovafy', 'rojo', NOW(), NOW()),
  ('cmlxb8gq500081wc19llbt4g7', 'termo kawai', '1 lt', 37.00, 16.50, 1, 3, true, 'cmlxb8goj00051wc183p8cy6l', 'cmlxb8gp200061wc1ltuovafy', 'celeste', NOW(), NOW()),
  ('cmlxb8grb00091wc18wjwq973', 'termo kawai', '1 lt', 37.00, 16.50, 1, 3, true, 'cmlxb8goj00051wc183p8cy6l', 'cmlxb8gp200061wc1ltuovafy', 'rosa', NOW(), NOW()),
  ('cmlxb8grs000a1wc18c6mrxdy', 'termo kawai', '1 lt', 37.00, 16.50, 1, 3, true, 'cmlxb8goj00051wc183p8cy6l', 'cmlxb8gp200061wc1ltuovafy', 'amarillo', NOW(), NOW()),
  ('cmlxb8gsz000d1wc10oknhv9m', 'Termo con taza niños', '480 ml', 36.00, 16.50, 1, 3, true, 'cmlxb8gs1000b1wc1cttoqwkr', 'cmlxb8gsm000c1wc1udx58e5g', 'crema', NOW(), NOW()),
  ('cmlxb8gtf000e1wc18b3wqj46', 'Termo con taza niños', '480 ml', 36.00, 16.50, 1, 3, true, 'cmlxb8gs1000b1wc1cttoqwkr', 'cmlxb8gsm000c1wc1udx58e5g', 'rosa', NOW(), NOW()),
  ('cmlxb8gtr000f1wc1c5god2e9', 'Termo con taza niños', '480 ml', 36.00, 16.50, 1, 3, true, 'cmlxb8gs1000b1wc1cttoqwkr', 'cmlxb8gsm000c1wc1udx58e5g', 'morado', NOW(), NOW()),
  ('cmlxb8guf000h1wc1jrea2xw2', 'termo Stanley antiderrame', '1 lt', 56.00, 28.00, 3, 3, true, 'cmlxb8goj00051wc183p8cy6l', 'cmlxb8gu3000g1wc11g07z92h', 'lila', NOW(), NOW()),
  ('cmlxb8gur000i1wc1b90yubi1', 'termo Stanley antiderrame', '1 lt', 56.00, 28.00, 2, 3, true, 'cmlxb8goj00051wc183p8cy6l', 'cmlxb8gu3000g1wc11g07z92h', 'beige', NOW(), NOW()),
  ('cmlxb8gv9000j1wc16w88fyv6', 'termo Stanley antiderrame', '1 lt', 56.00, 28.00, 1, 3, true, 'cmlxb8goj00051wc183p8cy6l', 'cmlxb8gu3000g1wc11g07z92h', 'negro', NOW(), NOW()),
  ('cmlxb8gvl000k1wc1sjogj60q', 'termo Stanley antiderrame', '1 lt', 56.00, 28.00, 1, 3, true, 'cmlxb8goj00051wc183p8cy6l', 'cmlxb8gu3000g1wc11g07z92h', 'fucsia', NOW(), NOW()),
  ('cmlxb8gvy000l1wc15t8xgqkn', 'termo Stanley antiderrame', '1 lt', 56.00, 28.00, 1, 3, true, 'cmlxb8goj00051wc183p8cy6l', 'cmlxb8gu3000g1wc11g07z92h', 'blanco', NOW(), NOW()),
  ('cmlxb8gwn000n1wc1r18ofrb0', 'termo cold caña con seguro', '750 ml', 34.00, 16.50, 1, 3, true, 'cmlxb8gs1000b1wc1cttoqwkr', 'cmlxb8gwb000m1wc1chrlyyx7', 'amarillo', NOW(), NOW()),
  ('cmlxb8gx2000o1wc1iuztku9q', 'termo cold caña con seguro', '750 ml', 34.00, 16.50, 1, 3, true, 'cmlxb8gs1000b1wc1cttoqwkr', 'cmlxb8gwb000m1wc1chrlyyx7', 'negro', NOW(), NOW()),
  ('cmlxb8gxh000p1wc1uh70j3u9', 'termo cold caña con seguro', '750 ml', 34.00, 16.50, 1, 3, true, 'cmlxb8gs1000b1wc1cttoqwkr', 'cmlxb8gwb000m1wc1chrlyyx7', 'rosado', NOW(), NOW()),
  ('cmlxb8gxr000q1wc1pzu81pra', 'termo cold caña con seguro', '750 ml', 34.00, 16.50, 1, 3, true, 'cmlxb8gs1000b1wc1cttoqwkr', 'cmlxb8gwb000m1wc1chrlyyx7', 'blanco', NOW(), NOW()),
  ('cmlxb8gyf000s1wc1rh7pipze', 'Termo niño hello', '600 ml', 36.00, 16.50, 1, 3, true, 'cmlxb8gs1000b1wc1cttoqwkr', 'cmlxb8gy3000r1wc1rr50pcwx', 'rojo', NOW(), NOW()),
  ('cmlxb8gys000t1wc17ub0mvfw', 'Termo niño hello', '600 ml', 36.00, 16.50, 1, 3, true, 'cmlxb8gs1000b1wc1cttoqwkr', 'cmlxb8gy3000r1wc1rr50pcwx', 'celeste', NOW(), NOW()),
  ('cmlxb8gz5000u1wc19vqgimhv', 'Termo niño hello', '600 ml', 36.00, 16.50, 1, 3, true, 'cmlxb8gs1000b1wc1cttoqwkr', 'cmlxb8gy3000r1wc1rr50pcwx', 'rosado', NOW(), NOW()),
  ('cmlxb8gzj000v1wc1orndkcvv', 'Termo niño hello', '600 ml', 36.00, 16.50, 1, 3, true, 'cmlxb8gs1000b1wc1cttoqwkr', 'cmlxb8gy3000r1wc1rr50pcwx', 'plateado con rosa', NOW(), NOW()),
  ('cmlxb8h09000x1wc1358c8y3h', 'termo stanley pico', '1.200 lt', 42.00, 19.00, 1, 3, true, 'cmlxb8goj00051wc183p8cy6l', 'cmlxb8gzx000w1wc11tdfi3ba', 'verde', NOW(), NOW()),
  ('cmlxb8h0m000y1wc100xkroa8', 'termo stanley pico', '1.200 lt', 42.00, 19.00, 1, 3, true, 'cmlxb8goj00051wc183p8cy6l', 'cmlxb8gzx000w1wc11tdfi3ba', 'lila', NOW(), NOW()),
  ('cmlxb8h13000z1wc15949o33w', 'termo stanley pico', '1.200 lt', 42.00, 19.00, 1, 3, true, 'cmlxb8goj00051wc183p8cy6l', 'cmlxb8gzx000w1wc11tdfi3ba', 'fucsia', NOW(), NOW()),
  ('cmlxb8h1u00111wc1li2dydh4', 'termo stanley marmoleado', '1 lt', 46.00, 22.00, 1, 3, true, 'cmlxb8goj00051wc183p8cy6l', 'cmlxb8h1g00101wc1fvgqnyb8', 'blanco', NOW(), NOW()),
  ('cmlxb8h2n00121wc1u3isq71j', 'termo stanley marmoleado', '1 lt', 46.00, 22.00, 1, 3, true, 'cmlxb8goj00051wc183p8cy6l', 'cmlxb8h1g00101wc1fvgqnyb8', 'turquesa', NOW(), NOW()),
  ('cmlxb8h3200131wc15o895ces', 'termo stanley marmoleado', '1 lt', 46.00, 22.00, 1, 3, true, 'cmlxb8goj00051wc183p8cy6l', 'cmlxb8h1g00101wc1fvgqnyb8', 'lila', NOW(), NOW()),
  ('cmlxb8h3g00141wc1wy9vzymd', 'termo stanley marmoleado', '1 lt', 46.00, 22.00, 1, 3, true, 'cmlxb8goj00051wc183p8cy6l', 'cmlxb8h1g00101wc1fvgqnyb8', 'negro', NOW(), NOW()),
  ('cmlxb8h4e00161wc1cloahxj1', 'termo stanley pico simple', '1 lt', 40.00, 19.00, 1, 3, true, 'cmlxb8goj00051wc183p8cy6l', 'cmlxb8h3v00151wc1h7hcsyyy', 'gris', NOW(), NOW()),
  ('cmlxb8h4u00171wc1czpxjjym', 'termo stanley pico simple', '1 lt', 40.00, 19.00, 1, 3, true, 'cmlxb8goj00051wc183p8cy6l', 'cmlxb8h3v00151wc1h7hcsyyy', 'lila', NOW(), NOW()),
  ('cmlxb8h5k00181wc1869w7hsr', 'termo stanley pico simple', '1 lt', 40.00, 19.00, 1, 3, true, 'cmlxb8goj00051wc183p8cy6l', 'cmlxb8h3v00151wc1h7hcsyyy', 'beige', NOW(), NOW()),
  ('cmlxb8h5z00191wc1fdj19d3e', 'termo stanley pico simple', '1 lt', 40.00, 19.00, 1, 3, true, 'cmlxb8goj00051wc183p8cy6l', 'cmlxb8h3v00151wc1h7hcsyyy', 'durazno', NOW(), NOW()),
  ('cmlxb8h74001b1wc1mznid675', 'termo infantil kawai', '900 ml', 32.00, 16.00, 1, 3, true, 'cmlxb8gs1000b1wc1cttoqwkr', 'cmlxb8h6f001a1wc1ct5lj0fv', 'marron', NOW(), NOW()),
  ('cmlxb8h7k001c1wc1s0v375gj', 'termo infantil kawai', '900 ml', 32.00, 16.00, 1, 3, true, 'cmlxb8gs1000b1wc1cttoqwkr', 'cmlxb8h6f001a1wc1ct5lj0fv', 'celeste', NOW(), NOW()),
  ('cmlxb8h8q001e1wc12ffyoec3', 'termo asa movible', '1.200 lt', 45.00, 23.00, 1, 3, true, 'cmlxb8gs1000b1wc1cttoqwkr', 'cmlxb8h7z001d1wc1y3wiz0lu', 'turquesa', NOW(), NOW()),
  ('cmlxb8h9b001f1wc1o1y4sb3l', 'termo asa movible', '1.200 lt', 45.00, 23.00, 1, 3, true, 'cmlxb8gs1000b1wc1cttoqwkr', 'cmlxb8h7z001d1wc1y3wiz0lu', 'lila', NOW(), NOW()),
  ('cmlxb8h9w001g1wc1xq6upw3m', 'termo asa movible', '1.200 lt', 45.00, 23.00, 1, 3, true, 'cmlxb8gs1000b1wc1cttoqwkr', 'cmlxb8h7z001d1wc1y3wiz0lu', 'negro', NOW(), NOW()),
  ('cmlxb8har001h1wc1cok0xzh8', 'termo asa movible', '1.200 lt', 45.00, 23.00, 2, 3, true, 'cmlxb8gs1000b1wc1cttoqwkr', 'cmlxb8h7z001d1wc1y3wiz0lu', 'beige', NOW(), NOW()),
  ('cmlxb8hbc001i1wc1m9pu68fw', 'termo asa movible', '1.200 lt', 45.00, 23.00, 1, 3, true, 'cmlxb8gs1000b1wc1cttoqwkr', 'cmlxb8h7z001d1wc1y3wiz0lu', 'fucsia', NOW(), NOW()),
  ('cmlxb8hcz001k1wc1gom25etg', 'termo stanley caña', '1.200 lt', 43.00, 20.00, 1, 3, true, 'cmlxb8goj00051wc183p8cy6l', 'cmlxb8hca001j1wc136z0ppdl', 'negro', NOW(), NOW()),
  ('cmlxb8hdh001l1wc11aa8uymo', 'termo stanley caña', '1.200 lt', 43.00, 20.00, 1, 3, true, 'cmlxb8goj00051wc183p8cy6l', 'cmlxb8hca001j1wc136z0ppdl', 'azul', NOW(), NOW()),
  ('cmlxb8hed001m1wc12jajie2w', 'termo stanley caña', '1.200 lt', 43.00, 20.00, 1, 3, true, 'cmlxb8goj00051wc183p8cy6l', 'cmlxb8hca001j1wc136z0ppdl', 'gris', NOW(), NOW()),
  ('cmlxb8hfs001n1wc1ctvcrmm9', 'termo stanley caña', '1.200 lt', 43.00, 20.00, 1, 3, true, 'cmlxb8goj00051wc183p8cy6l', 'cmlxb8hca001j1wc136z0ppdl', 'morado', NOW(), NOW()),
  ('cmlxb8hh0001p1wc1lggwkf3l', 'Owala 950 ml', NULL, 40.00, 20.00, 1, 3, true, 'cmlxb8glt00001wc1yrzasds6', 'cmlxb8hgf001o1wc132lvs42d', 'negro', NOW(), NOW()),
  ('cmlxb8hhq001q1wc15c1i2re5', 'Owala 950 ml', NULL, 40.00, 20.00, 4, 3, true, 'cmlxb8glt00001wc1yrzasds6', 'cmlxb8hgf001o1wc132lvs42d', 'blanco', NOW(), NOW()),
  ('cmlxb8hi4001r1wc1mf5oqvd7', 'Owala 950 ml', NULL, 40.00, 20.00, 5, 3, true, 'cmlxb8glt00001wc1yrzasds6', 'cmlxb8hgf001o1wc132lvs42d', 'rosado', NOW(), NOW()),
  ('cmlxb8his001s1wc1dyqvic53', 'Owala 950 ml', NULL, 40.00, 20.00, 4, 3, true, 'cmlxb8glt00001wc1yrzasds6', 'cmlxb8hgf001o1wc132lvs42d', 'morado', NOW(), NOW()),
  ('cmlxb8hj7001t1wc16gd1caoq', 'Owala 950 ml', NULL, 40.00, 20.00, 1, 3, true, 'cmlxb8glt00001wc1yrzasds6', 'cmlxb8hgf001o1wc132lvs42d', 'turquesa', NOW(), NOW()),
  ('cmlxb8hjk001u1wc1ym0g1of0', 'Owala 950 ml', NULL, 40.00, 20.00, 1, 3, true, 'cmlxb8glt00001wc1yrzasds6', 'cmlxb8hgf001o1wc132lvs42d', 'verde limon', NOW(), NOW()),
  ('cmlxb8hk8001v1wc1gg6q98ca', 'Owala 950 ml', NULL, 40.00, 20.00, 1, 3, true, 'cmlxb8glt00001wc1yrzasds6', 'cmlxb8hgf001o1wc132lvs42d', 'verde militar', NOW(), NOW()),
  ('cmlxb8hko001w1wc1cp2bxfbt', 'Owala 950 ml', NULL, 40.00, 20.00, 2, 3, true, 'cmlxb8glt00001wc1yrzasds6', 'cmlxb8hgf001o1wc132lvs42d', 'fucsia', NOW(), NOW()),
  ('cmlxb8hle001y1wc1a2zsy9v2', 'Owala 710ml', NULL, 38.00, 16.00, 1, 3, true, 'cmlxb8glt00001wc1yrzasds6', 'cmlxb8hl4001x1wc1et2zkcwy', 'fucsia', NOW(), NOW()),
  ('cmlxb8hlq001z1wc11s6wfrps', 'Owala 710ml', NULL, 38.00, 16.00, 1, 3, true, 'cmlxb8glt00001wc1yrzasds6', 'cmlxb8hl4001x1wc1et2zkcwy', 'morado', NOW(), NOW()),
  ('cmlxb8hm700201wc1qdqecjt0', 'Owala 710ml', NULL, 38.00, 16.00, 1, 3, true, 'cmlxb8glt00001wc1yrzasds6', 'cmlxb8hl4001x1wc1et2zkcwy', 'verde limon', NOW(), NOW()),
  ('cmlxb8hmh00211wc1v8lhsgwt', 'Owala 710ml', NULL, 38.00, 16.00, 1, 3, true, 'cmlxb8glt00001wc1yrzasds6', 'cmlxb8hl4001x1wc1et2zkcwy', 'verde militar', NOW(), NOW()),
  ('cmlxb8hn500231wc1gtoxyopt', 'termo stanley capibara', '1.200 lt', 46.00, 22.00, 2, 3, true, 'cmlxb8goj00051wc183p8cy6l', 'cmlxb8hmw00221wc11uwddqmd', 'fucsia', NOW(), NOW()),
  ('cmlxb8hng00241wc17bjxuhoj', 'termo stanley capibara', '1.200 lt', 46.00, 22.00, 1, 3, true, 'cmlxb8goj00051wc183p8cy6l', 'cmlxb8hmw00221wc11uwddqmd', 'negro', NOW(), NOW()),
  ('cmlxb8ho800271wc1a6yo09sv', 'taza cafetera', '510 ml', 30.00, 13.50, 1, 3, true, 'cmlxb8hnq00251wc14ro4gaj5', 'cmlxb8hnz00261wc1icw1bu17', 'negro', NOW(), NOW()),
  ('cmlxb8hoh00281wc180y15lek', 'taza cafetera', '510 ml', 30.00, 13.50, 1, 3, true, 'cmlxb8hnq00251wc14ro4gaj5', 'cmlxb8hnz00261wc1icw1bu17', 'lila', NOW(), NOW()),
  ('cmlxb8hos00291wc1y1lbfw9u', 'taza cafetera', '510 ml', 30.00, 13.50, 1, 3, true, 'cmlxb8hnq00251wc14ro4gaj5', 'cmlxb8hnz00261wc1icw1bu17', 'rosado', NOW(), NOW()),
  ('cmlxb8hp4002a1wc1mipyvmp5', 'taza cafetera', '510 ml', 30.00, 13.50, 1, 3, true, 'cmlxb8hnq00251wc14ro4gaj5', 'cmlxb8hnz00261wc1icw1bu17', 'turquesa', NOW(), NOW()),
  ('cmlxb8hpo002c1wc1nhfvgrw0', 'taza owala', '350 ml', 35.00, 16.00, 1, 3, true, 'cmlxb8hnq00251wc14ro4gaj5', 'cmlxb8hpe002b1wc1gd51eek8', 'turquesa', NOW(), NOW()),
  ('cmlxb8hq0002d1wc1q2eahk1e', 'taza owala', '350 ml', 35.00, 16.00, 1, 3, true, 'cmlxb8hnq00251wc14ro4gaj5', 'cmlxb8hpe002b1wc1gd51eek8', 'rosado', NOW(), NOW()),
  ('cmlxb8hqb002e1wc1zcrv5wsj', 'taza owala', '350 ml', 35.00, 16.00, 1, 3, true, 'cmlxb8hnq00251wc14ro4gaj5', 'cmlxb8hpe002b1wc1gd51eek8', 'azul', NOW(), NOW()),
  ('cmlxb8hqn002f1wc11orjbq3r', 'taza owala', '350 ml', 35.00, 16.00, 1, 3, true, 'cmlxb8hnq00251wc14ro4gaj5', 'cmlxb8hpe002b1wc1gd51eek8', 'negro', NOW(), NOW()),
  ('cmlxb8hr9002h1wc16vwu16qd', 'taza kawai diseño', '500 ml', 34.00, 16.50, 1, 3, true, 'cmlxb8hnq00251wc14ro4gaj5', 'cmlxb8hqx002g1wc1p9iwwhvk', 'rosa', NOW(), NOW()),
  ('cmlxb8hrl002i1wc188l1o1qo', 'taza kawai diseño', '500 ml', 34.00, 16.50, 1, 3, true, 'cmlxb8hnq00251wc14ro4gaj5', 'cmlxb8hqx002g1wc1p9iwwhvk', 'celeste', NOW(), NOW()),
  ('cmlxb8hrw002j1wc1qahqetks', 'taza kawai diseño', '500 ml', 34.00, 16.50, 1, 3, true, 'cmlxb8hnq00251wc14ro4gaj5', 'cmlxb8hqx002g1wc1p9iwwhvk', 'blanco', NOW(), NOW()),
  ('cmlxb8hs9002k1wc1o5r93l2t', 'taza kawai diseño', '500 ml', 34.00, 16.50, 1, 3, true, 'cmlxb8hnq00251wc14ro4gaj5', 'cmlxb8hqx002g1wc1p9iwwhvk', 'gris', NOW(), NOW()),
  ('cmlxb8ht4002n1wc1bsgpb8gm', 'morral stanley', NULL, 27.00, 13.00, 2, 3, true, 'cmlxb8hsg002l1wc14ipi2wew', 'cmlxb8hst002m1wc1ekh8iyae', 'negro', NOW(), NOW()),
  ('cmlxb8hto002o1wc11fba3gpq', 'morral stanley', NULL, 27.00, 13.00, 1, 3, true, 'cmlxb8hsg002l1wc14ipi2wew', 'cmlxb8hst002m1wc1ekh8iyae', 'rosa', NOW(), NOW()),
  ('cmlxb8hu2002p1wc1l5lzs173', 'morral stanley', NULL, 27.00, 13.00, 2, 3, true, 'cmlxb8hsg002l1wc14ipi2wew', 'cmlxb8hst002m1wc1ekh8iyae', 'crema', NOW(), NOW()),
  ('cmlxb8huf002q1wc1rqfsdfjn', 'morral stanley', NULL, 27.00, 13.00, 2, 3, true, 'cmlxb8hsg002l1wc14ipi2wew', 'cmlxb8hst002m1wc1ekh8iyae', 'lia', NOW(), NOW()),
  ('cmlxb8hvd002t1wc1q1qoa66x', 'lunch box', NULL, 30.00, 13.50, 1, 3, true, 'cmlxb8hum002r1wc1dyz75ato', 'cmlxb8hv0002s1wc1gl50r546', 'marron', NOW(), NOW()),
  ('cmlxb8hvs002u1wc1x145ckim', 'lunch box', NULL, 30.00, 13.50, 1, 3, true, 'cmlxb8hum002r1wc1dyz75ato', 'cmlxb8hv0002s1wc1gl50r546', 'azul', NOW(), NOW()),
  ('cmlxb8hw5002v1wc1ytlxl83d', 'lunch box', NULL, 30.00, 13.50, 1, 3, true, 'cmlxb8hum002r1wc1dyz75ato', 'cmlxb8hv0002s1wc1gl50r546', 'verde hade', NOW(), NOW()),
  ('cmlxb8hx9002x1wc1kqbwsx0u', 'lunch medium', NULL, 26.00, 8.50, 1, 3, true, 'cmlxb8hum002r1wc1dyz75ato', 'cmlxb8hwv002w1wc1rr5gmqbf', 'morado', NOW(), NOW()),
  ('cmlxb8hxm002y1wc1dp2i8ps3', 'lunch medium', NULL, 26.00, 8.50, 1, 3, true, 'cmlxb8hum002r1wc1dyz75ato', 'cmlxb8hwv002w1wc1rr5gmqbf', 'azul', NOW(), NOW()),
  ('cmlxb8hyc00301wc14vfhjnsf', 'termo owala 1200 ml', '1200 ml', 45.00, 22.00, 1, 3, true, 'cmlxb8gs1000b1wc1cttoqwkr', 'cmlxb8hxz002z1wc1zkvidp8g', 'lila', NOW(), NOW()),
  ('cmlxb8hyq00311wc15mxhe6u3', 'termo owala 1200 ml', '1200 ml', 45.00, 22.00, 1, 3, true, 'cmlxb8gs1000b1wc1cttoqwkr', 'cmlxb8hxz002z1wc1zkvidp8g', 'durazno', NOW(), NOW()),
  ('cmlxb8hz400321wc1yfn8wkum', 'termo owala 1200 ml', '1200 ml', 45.00, 22.00, 1, 3, true, 'cmlxb8gs1000b1wc1cttoqwkr', 'cmlxb8hxz002z1wc1zkvidp8g', 'negro', NOW(), NOW()),
  ('cmlxb8i0h00351wc1p9p0n3d6', 'botella sport', '600 ml', 33.00, 16.00, 1, 3, true, 'cmlxb8glt00001wc1yrzasds6', 'cmlxb8i0200341wc1b6ve0gz7', 'negro', NOW(), NOW()),
  ('cmlxb8i0y00361wc1hb6yga0a', 'botella sport', '600 ml', 33.00, 16.00, 1, 3, true, 'cmlxb8glt00001wc1yrzasds6', 'cmlxb8i0200341wc1b6ve0gz7', 'blanco', NOW(), NOW()),
  ('cmlxb8i1e00371wc1fnuprhya', 'botella sport', '600 ml', 33.00, 16.00, 1, 3, true, 'cmlxb8glt00001wc1yrzasds6', 'cmlxb8i0200341wc1b6ve0gz7', 'durazno', NOW(), NOW()),
  ('cmlxb8i1q00381wc1axixtzme', 'botella sport', '600 ml', 33.00, 16.00, 1, 3, true, 'cmlxb8glt00001wc1yrzasds6', 'cmlxb8i0200341wc1b6ve0gz7', 'lila', NOW(), NOW()),
  ('cmlxb8i2g003a1wc15vsorbtf', 'termo bacu', '600 ml', 30.00, 15.00, 1, 3, true, 'cmlxb8gs1000b1wc1cttoqwkr', 'cmlxb8i2400391wc15p3yr7sp', 'verde', NOW(), NOW()),
  ('cmlxb8i2w003b1wc1w0aymaid', 'termo bacu', '600 ml', 30.00, 15.00, 1, 3, true, 'cmlxb8gs1000b1wc1cttoqwkr', 'cmlxb8i2400391wc15p3yr7sp', 'azul', NOW(), NOW()),
  ('cmlxb8i3a003c1wc1b7trb9w3', 'termo bacu', '600 ml', 30.00, 15.00, 1, 3, true, 'cmlxb8gs1000b1wc1cttoqwkr', 'cmlxb8i2400391wc15p3yr7sp', 'negro', NOW(), NOW()),
  ('cmlxb8i3o003d1wc1olc6o0oy', 'termo bacu', '600 ml', 30.00, 15.00, 1, 3, true, 'cmlxb8gs1000b1wc1cttoqwkr', 'cmlxb8i2400391wc15p3yr7sp', 'blanco', NOW(), NOW()),
  ('cmlxb8i43003e1wc1kd05ye70', 'termo bacu', '600 ml', 30.00, 15.00, 1, 3, true, 'cmlxb8gs1000b1wc1cttoqwkr', 'cmlxb8i2400391wc15p3yr7sp', 'rosado', NOW(), NOW()),
  ('cmlxb8i4y003g1wc1kvy8okk7', 'termo bacu doble pico', '890 ml', 37.00, 19.00, 1, 3, true, 'cmlxb8gs1000b1wc1cttoqwkr', 'cmlxb8i4f003f1wc1k5jm9abt', 'lila', NOW(), NOW()),
  ('cmlxb8i5a003h1wc1g7q6zefx', 'termo bacu doble pico', '890 ml', 37.00, 19.00, 1, 3, true, 'cmlxb8gs1000b1wc1cttoqwkr', 'cmlxb8i4f003f1wc1k5jm9abt', 'blanco', NOW(), NOW()),
  ('cmlxb8i5n003i1wc19c8sv56w', 'termo bacu doble pico', '890 ml', 37.00, 19.00, 1, 3, true, 'cmlxb8gs1000b1wc1cttoqwkr', 'cmlxb8i4f003f1wc1k5jm9abt', 'negro', NOW(), NOW()),
  ('cmlxb8i60003j1wc1rmxwzb8o', 'termo bacu doble pico', '890 ml', 37.00, 19.00, 1, 3, true, 'cmlxb8gs1000b1wc1cttoqwkr', 'cmlxb8i4f003f1wc1k5jm9abt', 'rosado', NOW(), NOW()),
  ('cmlxb8i6w003m1wc1ssx6amb7', 'mochila diseño', 'a4', 100.00, 49.00, 1, 3, true, 'cmlxb8i67003k1wc17lx9i9y4', 'cmlxb8i6j003l1wc1igih7pc7', 'yoda', NOW(), NOW()),
  ('cmlxb8i78003n1wc13a5v8zf4', 'mochila diseño', 'a4', 100.00, 49.00, 2, 3, true, 'cmlxb8i67003k1wc17lx9i9y4', 'cmlxb8i6j003l1wc1igih7pc7', 'mini', NOW(), NOW()),
  ('cmlxb8i7k003o1wc1vog85s8p', 'mochila diseño', 'a4', 100.00, 49.00, 1, 3, true, 'cmlxb8i67003k1wc17lx9i9y4', 'cmlxb8i6j003l1wc1igih7pc7', 'micki', NOW(), NOW()),
  ('cmlxb8i7v003p1wc17vzyp746', 'mochila diseño', 'a4', 100.00, 49.00, 1, 3, true, 'cmlxb8i67003k1wc17lx9i9y4', 'cmlxb8i6j003l1wc1igih7pc7', 'toy story', NOW(), NOW()),
  ('cmlxb8i8i003r1wc1i6s70wxx', 'mochila 3d', 'a4', 110.00, 59.00, 1, 3, true, 'cmlxb8i67003k1wc17lx9i9y4', 'cmlxb8i88003q1wc1bs9w5mvz', 'masha y oso', NOW(), NOW()),
  ('cmlxb8i8v003s1wc1px2xhjct', 'mochila 3d', 'a4', 110.00, 59.00, 1, 3, true, 'cmlxb8i67003k1wc17lx9i9y4', 'cmlxb8i88003q1wc1bs9w5mvz', 'mini', NOW(), NOW()),
  ('cmlxb8i96003t1wc1pwmuqlry', 'mochila 3d', 'a4', 110.00, 59.00, 1, 3, true, 'cmlxb8i67003k1wc17lx9i9y4', 'cmlxb8i88003q1wc1bs9w5mvz', 'marvel', NOW(), NOW()),
  ('cmlxb8i9j003u1wc1tkdnuwsx', 'mochila 3d', 'a4', 110.00, 59.00, 1, 3, true, 'cmlxb8i67003k1wc17lx9i9y4', 'cmlxb8i88003q1wc1bs9w5mvz', 'micki', NOW(), NOW()),
  ('cmlxb8i9z003v1wc1npj2eo68', 'mochila 3d', 'a4', 110.00, 59.00, 1, 3, true, 'cmlxb8i67003k1wc17lx9i9y4', 'cmlxb8i88003q1wc1bs9w5mvz', 'spiderman', NOW(), NOW()),
  ('cmlxb8iac003w1wc1npovt9a5', 'mochila 3d', 'a4', 110.00, 59.00, 1, 3, true, 'cmlxb8i67003k1wc17lx9i9y4', 'cmlxb8i88003q1wc1bs9w5mvz', 'frozen', NOW(), NOW()),
  ('cmlxb8iba003z1wc1bwe5jjxo', 'lonchera 3d', 'a4', 60.00, 35.00, 1, 3, true, 'cmlxb8iaj003x1wc1ijnm4a0m', 'cmlxb8iav003y1wc19jpb8pda', 'masha y oso', NOW(), NOW()),
  ('cmlxb8ibm00401wc1kslrumdw', 'lonchera 3d', 'a4', 60.00, 35.00, 1, 3, true, 'cmlxb8iaj003x1wc1ijnm4a0m', 'cmlxb8iav003y1wc19jpb8pda', 'mini', NOW(), NOW()),
  ('cmlxb8ic000411wc1i4phsksy', 'lonchera 3d', 'a4', 60.00, 35.00, 1, 3, true, 'cmlxb8iaj003x1wc1ijnm4a0m', 'cmlxb8iav003y1wc19jpb8pda', 'marvel', NOW(), NOW()),
  ('cmlxb8icc00421wc1b9gilhhd', 'lonchera 3d', 'a4', 60.00, 35.00, 1, 3, true, 'cmlxb8iaj003x1wc1ijnm4a0m', 'cmlxb8iav003y1wc19jpb8pda', 'micki', NOW(), NOW()),
  ('cmlxb8ics00431wc1hit86ex8', 'lonchera 3d', 'a4', 60.00, 35.00, 1, 3, true, 'cmlxb8iaj003x1wc1ijnm4a0m', 'cmlxb8iav003y1wc19jpb8pda', 'spiderman', NOW(), NOW()),
  ('cmlxb8id600441wc1ew3j995m', 'lonchera 3d', 'a4', 60.00, 35.00, 1, 3, true, 'cmlxb8iaj003x1wc1ijnm4a0m', 'cmlxb8iav003y1wc19jpb8pda', 'frozen', NOW(), NOW()),
  ('cmlxb8idz00471wc1ojstrpde', 'cartucheras 3d', 'a4', 35.00, 21.00, 1, 3, true, 'cmlxb8idb00451wc1juwag2zt', 'cmlxb8idm00461wc1p501dynv', 'masha y oso', NOW(), NOW()),
  ('cmlxb8ied00481wc1t4j35wwn', 'cartucheras 3d', 'a4', 35.00, 21.00, 1, 3, true, 'cmlxb8idb00451wc1juwag2zt', 'cmlxb8idm00461wc1p501dynv', 'mini', NOW(), NOW()),
  ('cmlxb8iep00491wc15y5ndk18', 'cartucheras 3d', 'a4', 35.00, 21.00, 1, 3, true, 'cmlxb8idb00451wc1juwag2zt', 'cmlxb8idm00461wc1p501dynv', 'marvel', NOW(), NOW()),
  ('cmlxb8if1004a1wc1h5oijftj', 'cartucheras 3d', 'a4', 35.00, 21.00, 1, 3, true, 'cmlxb8idb00451wc1juwag2zt', 'cmlxb8idm00461wc1p501dynv', 'micki', NOW(), NOW()),
  ('cmlxb8ifb004b1wc1p85biygt', 'cartucheras 3d', 'a4', 35.00, 21.00, 1, 3, true, 'cmlxb8idb00451wc1juwag2zt', 'cmlxb8idm00461wc1p501dynv', 'spiderman', NOW(), NOW()),
  ('cmlxb8ifo004c1wc11wtps3d8', 'cartucheras 3d', 'a4', 35.00, 21.00, 1, 3, true, 'cmlxb8idb00451wc1juwag2zt', 'cmlxb8idm00461wc1p501dynv', 'frozen', NOW(), NOW()) ON CONFLICT (id) DO NOTHING;

-- Imágenes de productos
INSERT INTO product_images (id, "productId", "imageUrl", "thumbnailUrl", "isPrimary", "sortOrder", "createdAt") VALUES
  ('cmlxvdbgw0000jwc1exk1m36m', 'cmlxb8gmo00011wc1qsmxrxws', '/api/uploads/products/1771772106394-1sznxb.webp', '/api/uploads/products/1771772106394-1sznxb-thumb.webp', false, 100, NOW()),
  ('cmly69a7i0009jwc1crrt1yr9', 'cmlxb8gmo00011wc1qsmxrxws', '/api/uploads/products/1771790396579-e2ns9q.webp', '/api/uploads/products/1771790396579-e2ns9q-thumb.webp', false, 100, NOW()) ON CONFLICT (id) DO NOTHING;

COMMIT;